accuracy,f1_macro
0.79661,0.511372
